"Title","Description","Series","M","Genome","SourceType","SourceUrl","SourceVersion","Species","TaxonomyId","Coordinate_1_based","DataProvider","TestStatistic","EffectSize","NullProportion","InformativeCovariate","RDataClass","DispatchClass","BiocVersion","Maintainer","RDataPath"
"h3k4me3-promoters-benchmark","Differential peak calling in human H3K4me3 ChIP-seq data from ENCODE using predefined regions with mean coverage as covariate","ChIP-seq",118171,"hg18","BAM","http://hgdownload.soe.ucsc.edu/goldenPath/hg19/encodeDCC/wgEncodeBroadHistone/wgEncodeBroadHistoneGm12878H3k4me3StdAlnRep1.bam http://hgdownload.soe.ucsc.edu/goldenPath/hg19/encodeDCC/wgEncodeBroadHistone/wgEncodeBroadHistoneGm12878H3k04me3StdAlnRep2V2.bam http://hgdownload.soe.ucsc.edu/goldenPath/hg19/encodeDCC/wgEncodeBroadHistone/wgEncodeBroadHistoneK562H3k4me3StdAlnRep1.bam http://hgdownload.soe.ucsc.edu/goldenPath/hg19/encodeDCC/wgEncodeBroadHistone/wgEncodeBroadHistoneK562H3k4me3StdAlnRep2.bam","Release 3 (Aug 2012)","Homo sapiens","9606","FALSE","ENCODE","DESeq2",NA,NA,"Mean coverage","SummarizedBenchmark","Rds","3.10","Keegan Korthauer <kdkorthauer@gmail.com>","benchmarkfdrData2019/v1.0.0/ChIP-seq/h3k4me3-promoters-benchmark.rds"
"h3k4me3-csaw-benchmark","Differential peak calling in human H3K4me3 ChIP-seq data from ENCODE using csaw with region width as covariate","ChIP-seq",118171,"hg18","BAM","http://hgdownload.soe.ucsc.edu/goldenPath/hg19/encodeDCC/wgEncodeBroadHistone/wgEncodeBroadHistoneGm12878H3k4me3StdAlnRep1.bam http://hgdownload.soe.ucsc.edu/goldenPath/hg19/encodeDCC/wgEncodeBroadHistone/wgEncodeBroadHistoneGm12878H3k04me3StdAlnRep2V2.bam http://hgdownload.soe.ucsc.edu/goldenPath/hg19/encodeDCC/wgEncodeBroadHistone/wgEncodeBroadHistoneK562H3k4me3StdAlnRep1.bam http://hgdownload.soe.ucsc.edu/goldenPath/hg19/encodeDCC/wgEncodeBroadHistone/wgEncodeBroadHistoneK562H3k4me3StdAlnRep2.bam","Release 3 (Aug 2012)","Homo sapiens","9606","FALSE","ENCODE","csaw",NA,NA,"Region width","SummarizedBenchmark","Rds","3.10","Keegan Korthauer <kdkorthauer@gmail.com>","benchmarkfdrData2019/v1.0.0/ChIP-seq/h3k4me3-csaw-benchmark.rds"
"h3k4me3-csaw-uninf-benchmark","Differential peak calling in human H3K4me3 ChIP-seq data from ENCODE using csaw with uninformative covariate","ChIP-seq",118171,"hg18","BAM","http://hgdownload.soe.ucsc.edu/goldenPath/hg19/encodeDCC/wgEncodeBroadHistone/wgEncodeBroadHistoneGm12878H3k4me3StdAlnRep1.bam http://hgdownload.soe.ucsc.edu/goldenPath/hg19/encodeDCC/wgEncodeBroadHistone/wgEncodeBroadHistoneGm12878H3k04me3StdAlnRep2V2.bam http://hgdownload.soe.ucsc.edu/goldenPath/hg19/encodeDCC/wgEncodeBroadHistone/wgEncodeBroadHistoneK562H3k4me3StdAlnRep1.bam http://hgdownload.soe.ucsc.edu/goldenPath/hg19/encodeDCC/wgEncodeBroadHistone/wgEncodeBroadHistoneK562H3k4me3StdAlnRep2.bam","Release 3 (Aug 2012)","Homo sapiens","9606","FALSE","ENCODE","csaw",NA,NA,"Uninformative","SummarizedBenchmark","Rds","3.10","Keegan Korthauer <kdkorthauer@gmail.com>","benchmarkfdrData2019/v1.0.0/ChIP-seq/h3k4me3-csaw-uninf-benchmark.rds"
"h3k4me3-csaw-cov-benchmark","Differential peak calling in human H3K4me3 ChIP-seq data from ENCODE using csaw with mean coverage as covariate","ChIP-seq",118171,"hg18","BAM","http://hgdownload.soe.ucsc.edu/goldenPath/hg19/encodeDCC/wgEncodeBroadHistone/wgEncodeBroadHistoneGm12878H3k4me3StdAlnRep1.bam http://hgdownload.soe.ucsc.edu/goldenPath/hg19/encodeDCC/wgEncodeBroadHistone/wgEncodeBroadHistoneGm12878H3k04me3StdAlnRep2V2.bam http://hgdownload.soe.ucsc.edu/goldenPath/hg19/encodeDCC/wgEncodeBroadHistone/wgEncodeBroadHistoneK562H3k4me3StdAlnRep1.bam http://hgdownload.soe.ucsc.edu/goldenPath/hg19/encodeDCC/wgEncodeBroadHistone/wgEncodeBroadHistoneK562H3k4me3StdAlnRep2.bam","Release 3 (Aug 2012)","Homo sapiens","9606","FALSE","ENCODE","csaw",NA,NA,"Mean coverage","SummarizedBenchmark","Rds","3.10","Keegan Korthauer <kdkorthauer@gmail.com>","benchmarkfdrData2019/v1.0.0/ChIP-seq/h3k4me3-csaw-cov-benchmark.rds"
"cbp-csaw-benchmark","Differential peak calling in CREB-binding protein (CBP) knockout and wild-type mice using csaw with region width as covariate","ChIP-seq",59596,"mm10","FASTQ","ftp://ftp.sra.ebi.ac.uk/vol1/fastq/SRR114/007/SRR1145787/SRR1145787.fastq.gz,ftp://ftp.sra.ebi.ac.uk/vol1/fastq/SRR114/008/SRR1145788/SRR1145788.fastq.gz,ftp://ftp.sra.ebi.ac.uk/vol1/fastq/SRR114/009/SRR1145789/SRR1145789.fastq.gz,ftp://ftp.sra.ebi.ac.uk/vol1/fastq/SRR114/000/SRR1145790/SRR1145790.fastq.gz",NA,"Mus musculus","10090",NA,"Biochemistry, St Jude Children's Research Hospital","csaw",NA,NA,"Region width","SummarizedBenchmark","Rds","3.10","Keegan Korthauer <kdkorthauer@gmail.com>","benchmarkfdrData2019/v1.0.0/ChIP-seq/cbp-csaw-benchmark.rds"
"cbp-csaw-uninf-benchmark","Differential peak calling in CREB-binding protein (CBP) knockout and wild-type mice using csaw with uninformative covariate","ChIP-seq",59596,"mm10","FASTQ","ftp://ftp.sra.ebi.ac.uk/vol1/fastq/SRR114/007/SRR1145787/SRR1145787.fastq.gz,ftp://ftp.sra.ebi.ac.uk/vol1/fastq/SRR114/008/SRR1145788/SRR1145788.fastq.gz,ftp://ftp.sra.ebi.ac.uk/vol1/fastq/SRR114/009/SRR1145789/SRR1145789.fastq.gz,ftp://ftp.sra.ebi.ac.uk/vol1/fastq/SRR114/000/SRR1145790/SRR1145790.fastq.gz",NA,"Mus musculus","10090",NA,"Biochemistry, St Jude Children's Research Hospital","csaw",NA,NA,"Uninformative","SummarizedBenchmark","Rds","3.10","Keegan Korthauer <kdkorthauer@gmail.com>","benchmarkfdrData2019/v1.0.0/ChIP-seq/cbp-csaw-uninf-benchmark.rds"
"cbp-csaw-cov-benchmark","Differential peak calling in CREB-binding protein (CBP) knockout and wild-type mice using csaw with mean coverage as covariate","ChIP-seq",59596,"mm10","FASTQ","ftp://ftp.sra.ebi.ac.uk/vol1/fastq/SRR114/007/SRR1145787/SRR1145787.fastq.gz,ftp://ftp.sra.ebi.ac.uk/vol1/fastq/SRR114/008/SRR1145788/SRR1145788.fastq.gz,ftp://ftp.sra.ebi.ac.uk/vol1/fastq/SRR114/009/SRR1145789/SRR1145789.fastq.gz,ftp://ftp.sra.ebi.ac.uk/vol1/fastq/SRR114/000/SRR1145790/SRR1145790.fastq.gz",NA,"Mus musculus","10090",NA,"Biochemistry, St Jude Children's Research Hospital","csaw",NA,NA,"Mean coverage","SummarizedBenchmark","Rds","3.10","Keegan Korthauer <kdkorthauer@gmail.com>","benchmarkfdrData2019/v1.0.0/ChIP-seq/cbp-csaw-cov-benchmark.rds"
"mouse-benchmark","Gene set analysis of mouse dataset using GSEA with gene set size as covariate","GSA",6396,"GRCm38","FASTQ","https://doi.org/10.5281/zenodo.1475409","md5:c25141558ff5313a87a4ec7539279b84","Mus musculus","10090",NA,"ArrayExpress","Enrichment Score",NA,NA,"Gene set size","SummarizedBenchmark","Rds","3.10","Keegan Korthauer <kdkorthauer@gmail.com>","benchmarkfdrData2019/v1.0.0/GSA/mouse-benchmark.rds"
"mouse-uninf-benchmark","Gene set analysis of mouse dataset using GSEA with uninformative covariate","GSA",6396,"GRCm38","FASTQ","https://doi.org/10.5281/zenodo.1475409","md5:c25141558ff5313a87a4ec7539279b84","Mus musculus","10090",NA,"ArrayExpress","Enrichment Score",NA,NA,"Uninformative","SummarizedBenchmark","Rds","3.10","Keegan Korthauer <kdkorthauer@gmail.com>","benchmarkfdrData2019/v1.0.0/GSA/mouse-uninf-benchmark.rds"
"human-benchmark","Gene set analysis of human dataset using GSEA with gene set size as covariate","GSA",6783,"GRCh38","FASTQ","https://doi.org/10.5281/zenodo.1475409","md5:28508f1b03d6cfef75a7b537b7f186b6","Homo sapiens","9606",NA,"Genotype-Tissue Expression Project (GETx)","Enrichment Score",NA,NA,"Gene set size","SummarizedBenchmark","Rds","3.10","Keegan Korthauer <kdkorthauer@gmail.com>","benchmarkfdrData2019/v1.0.0/GSA/human-benchmark.rds"
"human-uninf-benchmark","Gene set analysis of human dataset using GSEA with uninformative covariate","GSA",6783,"GRCh38","FASTQ","https://doi.org/10.5281/zenodo.1475409","md5:28508f1b03d6cfef75a7b537b7f186b6","Homo sapiens","9606",NA,"Genotype-Tissue Expression Project (GETx)","Enrichment Score",NA,NA,"Uninformative","SummarizedBenchmark","Rds","3.10","Keegan Korthauer <kdkorthauer@gmail.com>","benchmarkfdrData2019/v1.0.0/GSA/human-uninf-benchmark.rds"
"bmi-maf-benchmark","Genome-wide association meta-analysis of BMI with minor allele frequency as covariate","GWAS",196969,"hg18","Zip","http://portals.broadinstitute.org/collaboration/giant/images/3/3a/BMI.SNPadjSMK.zip","2017 GIANT GxSMK Project Files for Public Release","Homo sapiens","9606","TRUE","GIANT Consortium","t statistic",NA,NA,"Minor allele frequency","SummarizedBenchmark","Rds","3.10","Keegan Korthauer <kdkorthauer@gmail.com>","benchmarkfdrData2019/v1.0.0/GWAS/bmi-maf-benchmark.rds"
"bmi-uninf-benchmark","Genome-wide association meta-analysis of BMI with uninformative covariate","GWAS",196969,"hg18","Zip","http://portals.broadinstitute.org/collaboration/giant/images/3/3a/BMI.SNPadjSMK.zip","2017 GIANT GxSMK Project Files for Public Release","Homo sapiens","9606","TRUE","GIANT Consortium","t statistic",NA,NA,"Uninformative","SummarizedBenchmark","Rds","3.10","Keegan Korthauer <kdkorthauer@gmail.com>","benchmarkfdrData2019/v1.0.0/GWAS/bmi-uninf-benchmark.rds"
"bmi-samplesize-benchmark","Genome-wide association meta-analysis of BMI with sample size as covariate","GWAS",196969,"hg18","Zip","http://portals.broadinstitute.org/collaboration/giant/images/3/3a/BMI.SNPadjSMK.zip","2017 GIANT GxSMK Project Files for Public Release","Homo sapiens","9606","TRUE","GIANT Consortium","t statistic",NA,NA,"Sample size","SummarizedBenchmark","Rds","3.10","Keegan Korthauer <kdkorthauer@gmail.com>","benchmarkfdrData2019/v1.0.0/GWAS/bmi-samplesize-benchmark.rds"
"baxter-genus-benchmark","16S microbiome differential testing of Baxter et al. (2016) dataset at genus-level with ubiquity as covariate","Microbiome",148,NA,"tar.gz","https://zenodo.org/record/840333/files/crc_baxter_results.tar.gz","md5:3604d25fe3ea0e48379d1f78a3aeb231","human gut metagenome","408170",NA,"University of Michigan; SRA study SRP062005","Wilcoxon rank-sum",NA,NA,"Ubiquity","SummarizedBenchmark","Rds","3.10","Keegan Korthauer <kdkorthauer@gmail.com>","benchmarkfdrData2019/v1.0.0/Microbiome/baxter-genus-benchmark.rds"
"baxter-genus-log-ubiquity-benchmark","16S microbiome differential testing of Baxter et al. (2016) dataset at genus-level with log ubiquity as covariate","Microbiome",148,NA,"tar.gz","https://zenodo.org/record/840333/files/crc_baxter_results.tar.gz","md5:3604d25fe3ea0e48379d1f78a3aeb231","human gut metagenome","408170",NA,"University of Michigan; SRA study SRP062005","Wilcoxon rank-sum",NA,NA,"Log ubiquity","SummarizedBenchmark","Rds","3.10","Keegan Korthauer <kdkorthauer@gmail.com>","benchmarkfdrData2019/v1.0.0/Microbiome/baxter-genus-log-ubiquity-benchmark.rds"
"baxter-genus-mean-abun-benchmark","16S microbiome differential testing of Baxter et al. (2016) dataset at genus-level with mean abundance as covariate","Microbiome",148,NA,"tar.gz","https://zenodo.org/record/840333/files/crc_baxter_results.tar.gz","md5:3604d25fe3ea0e48379d1f78a3aeb231","human gut metagenome","408170",NA,"University of Michigan; SRA study SRP062005","Wilcoxon rank-sum",NA,NA,"Mean abundance","SummarizedBenchmark","Rds","3.10","Keegan Korthauer <kdkorthauer@gmail.com>","benchmarkfdrData2019/v1.0.0/Microbiome/baxter-genus-mean-abun-benchmark.rds"
"baxter-genus-mean-uninf-benchmark","16S microbiome differential testing of Baxter et al. (2016) dataset at genus-level with uninformative covariate","Microbiome",148,NA,"tar.gz","https://zenodo.org/record/840333/files/crc_baxter_results.tar.gz","md5:3604d25fe3ea0e48379d1f78a3aeb231","human gut metagenome","408170",NA,"University of Michigan; SRA study SRP062005","Wilcoxon rank-sum",NA,NA,"Uninformative","SummarizedBenchmark","Rds","3.10","Keegan Korthauer <kdkorthauer@gmail.com>","benchmarkfdrData2019/v1.0.0/Microbiome/baxter-genus-mean-uninf-benchmark.rds"
"baxter-otus-benchmark","16S microbiome differential testing of Baxter et al. (2016) dataset at OTU-level with ubiquity as covariate","Microbiome",9388,NA,"tar.gz","https://zenodo.org/record/840333/files/crc_baxter_results.tar.gz","md5:3604d25fe3ea0e48379d1f78a3aeb231","human gut metagenome","408170",NA,"University of Michigan; SRA study SRP062005","Wilcoxon rank-sum",NA,NA,"Ubiquity","SummarizedBenchmark","Rds","3.10","Keegan Korthauer <kdkorthauer@gmail.com>","benchmarkfdrData2019/v1.0.0/Microbiome/baxter-otus-benchmark.rds"
"baxter-otus-log-ubiquity-benchmark","16S microbiome differential testing of Baxter et al. (2016) dataset at OTU-level with log ubiquity as covariate","Microbiome",9388,NA,"tar.gz","https://zenodo.org/record/840333/files/crc_baxter_results.tar.gz","md5:3604d25fe3ea0e48379d1f78a3aeb231","human gut metagenome","408170",NA,"University of Michigan; SRA study SRP062005","Wilcoxon rank-sum",NA,NA,"Log ubiquity","SummarizedBenchmark","Rds","3.10","Keegan Korthauer <kdkorthauer@gmail.com>","benchmarkfdrData2019/v1.0.0/Microbiome/baxter-otus-log-ubiquity-benchmark.rds"
"enigma-al-otus-benchmark","16S microbiome Spearman correlation test of ENIGMA dataset at OTU-level with Al measurements using ubiquity as covariate","Microbiome",4007,NA,"TXT","https://zenodo.org/record/1455793/files/enigma.metadata.txt https://zenodo.org/record/1455793/files/enigma.otu_table_resampled_updated_r.txt.gz","md5:210e7805e1f4ff000c0b2f1047b24f3c md5:26927389fcce3be546f66c1031044744","groundwater metagenome","717931",NA,"ENIGMA consortium, John-Marc Chandonia, Physical Biosciences Division, Berkeley National Lab <https://www.mg-rast.org/linkin.cgi?project=mgp8190>","Spearman correlation",NA,NA,"Ubiquity","SummarizedBenchmark","Rds","3.10","Keegan Korthauer <kdkorthauer@gmail.com>","benchmarkfdrData2019/v1.0.0/Microbiome/enigma-al-otus-benchmark.rds"
"enigma-al-otus-abun-benchmark","16S microbiome Spearman correlation test of ENIGMA dataset at OTU-level with Al measurements using mean abundance as covariate","Microbiome",4007,NA,"TXT","https://zenodo.org/record/1455793/files/enigma.metadata.txt https://zenodo.org/record/1455793/files/enigma.otu_table_resampled_updated_r.txt.gz","md5:210e7805e1f4ff000c0b2f1047b24f3c md5:26927389fcce3be546f66c1031044744","groundwater metagenome","717931",NA,"ENIGMA consortium, John-Marc Chandonia, Physical Biosciences Division, Berkeley National Lab <https://www.mg-rast.org/linkin.cgi?project=mgp8190>","Spearman correlation",NA,NA,"Mean abundance","SummarizedBenchmark","Rds","3.10","Keegan Korthauer <kdkorthauer@gmail.com>","benchmarkfdrData2019/v1.0.0/Microbiome/enigma-al-otus-abun-benchmark.rds"
"enigma-al-otus-uninf-benchmark","16S microbiome Spearman correlation test of ENIGMA dataset at OTU-level with Al measurements using uninformative covariate","Microbiome",4007,NA,"TXT","https://zenodo.org/record/1455793/files/enigma.metadata.txt https://zenodo.org/record/1455793/files/enigma.otu_table_resampled_updated_r.txt.gz","md5:210e7805e1f4ff000c0b2f1047b24f3c md5:26927389fcce3be546f66c1031044744","groundwater metagenome","717931",NA,"ENIGMA consortium, John-Marc Chandonia, Physical Biosciences Division, Berkeley National Lab <https://www.mg-rast.org/linkin.cgi?project=mgp8190>","Spearman correlation",NA,NA,"Uninformative","SummarizedBenchmark","Rds","3.10","Keegan Korthauer <kdkorthauer@gmail.com>","benchmarkfdrData2019/v1.0.0/Microbiome/enigma-al-otus-uninf-benchmark.rds"
"enigma-ph-otus-benchmark","16S microbiome Spearman correlation test of ENIGMA dataset at OTU-level with pH measurements using ubiquity as covariate","Microbiome",4007,NA,"TXT","https://zenodo.org/record/1455793/files/enigma.metadata.txt https://zenodo.org/record/1455793/files/enigma.otu_table_resampled_updated_r.txt.gz","md5:210e7805e1f4ff000c0b2f1047b24f3c md5:26927389fcce3be546f66c1031044744","groundwater metagenome","717931",NA,"ENIGMA consortium, John-Marc Chandonia, Physical Biosciences Division, Berkeley National Lab <https://www.mg-rast.org/linkin.cgi?project=mgp8190>","Spearman correlation",NA,NA,"Ubiquity","SummarizedBenchmark","Rds","3.10","Keegan Korthauer <kdkorthauer@gmail.com>","benchmarkfdrData2019/v1.0.0/Microbiome/enigma-ph-otus-benchmark.rds"
"enigma-ph-otus-abun-benchmark","16S microbiome Spearman correlation test of ENIGMA dataset at OTU-level with pH measurements using mean abundance as covariate","Microbiome",4007,NA,"TXT","https://zenodo.org/record/1455793/files/enigma.metadata.txt https://zenodo.org/record/1455793/files/enigma.otu_table_resampled_updated_r.txt.gz","md5:210e7805e1f4ff000c0b2f1047b24f3c md5:26927389fcce3be546f66c1031044744","groundwater metagenome","717931",NA,"ENIGMA consortium, John-Marc Chandonia, Physical Biosciences Division, Berkeley National Lab <https://www.mg-rast.org/linkin.cgi?project=mgp8190>","Spearman correlation",NA,NA,"Mean abundance","SummarizedBenchmark","Rds","3.10","Keegan Korthauer <kdkorthauer@gmail.com>","benchmarkfdrData2019/v1.0.0/Microbiome/enigma-ph-otus-abun-benchmark.rds"
"enigma-ph-otus-uninf-benchmark","16S microbiome Spearman correlation test of ENIGMA dataset at OTU-level with pH measurements using uninformative covariate","Microbiome",4007,NA,"TXT","https://zenodo.org/record/1455793/files/enigma.metadata.txt https://zenodo.org/record/1455793/files/enigma.otu_table_resampled_updated_r.txt.gz","md5:210e7805e1f4ff000c0b2f1047b24f3c md5:26927389fcce3be546f66c1031044744","groundwater metagenome","717931",NA,"ENIGMA consortium, John-Marc Chandonia, Physical Biosciences Division, Berkeley National Lab <https://www.mg-rast.org/linkin.cgi?project=mgp8190>","Spearman correlation",NA,NA,"Uninformative","SummarizedBenchmark","Rds","3.10","Keegan Korthauer <kdkorthauer@gmail.com>","benchmarkfdrData2019/v1.0.0/Microbiome/enigma-ph-otus-uninf-benchmark.rds"
"enigma-so4-otus-benchmark","16S microbiome Spearman correlation test of ENIGMA dataset at OTU-level with SO4 measurements using ubiquity as covariate","Microbiome",4007,NA,"TXT","https://zenodo.org/record/1455793/files/enigma.metadata.txt https://zenodo.org/record/1455793/files/enigma.otu_table_resampled_updated_r.txt.gz","md5:210e7805e1f4ff000c0b2f1047b24f3c md5:26927389fcce3be546f66c1031044744","groundwater metagenome","717931",NA,"ENIGMA consortium, John-Marc Chandonia, Physical Biosciences Division, Berkeley National Lab <https://www.mg-rast.org/linkin.cgi?project=mgp8190>","Spearman correlation",NA,NA,"Ubiquity","SummarizedBenchmark","Rds","3.10","Keegan Korthauer <kdkorthauer@gmail.com>","benchmarkfdrData2019/v1.0.0/Microbiome/enigma-so4-otus-benchmark.rds"
"enigma-so4-otus-abun-benchmark","16S microbiome Spearman correlation test of ENIGMA dataset at OTU-level with SO4 measurements using mean abundance as covariate","Microbiome",4007,NA,"TXT","https://zenodo.org/record/1455793/files/enigma.metadata.txt https://zenodo.org/record/1455793/files/enigma.otu_table_resampled_updated_r.txt.gz","md5:210e7805e1f4ff000c0b2f1047b24f3c md5:26927389fcce3be546f66c1031044744","groundwater metagenome","717931",NA,"ENIGMA consortium, John-Marc Chandonia, Physical Biosciences Division, Berkeley National Lab <https://www.mg-rast.org/linkin.cgi?project=mgp8190>","Spearman correlation",NA,NA,"Mean abundance","SummarizedBenchmark","Rds","3.10","Keegan Korthauer <kdkorthauer@gmail.com>","benchmarkfdrData2019/v1.0.0/Microbiome/enigma-so4-otus-abun-benchmark.rds"
"enigma-so4-otus-uninf-benchmark","16S microbiome Spearman correlation test of ENIGMA dataset at OTU-level with SO4 measurements using uninformative covariate","Microbiome",4007,NA,"TXT","https://zenodo.org/record/1455793/files/enigma.metadata.txt https://zenodo.org/record/1455793/files/enigma.otu_table_resampled_updated_r.txt.gz","md5:210e7805e1f4ff000c0b2f1047b24f3c md5:26927389fcce3be546f66c1031044744","groundwater metagenome","717931",NA,"ENIGMA consortium, John-Marc Chandonia, Physical Biosciences Division, Berkeley National Lab <https://www.mg-rast.org/linkin.cgi?project=mgp8190>","Spearman correlation",NA,NA,"Uninformative","SummarizedBenchmark","Rds","3.10","Keegan Korthauer <kdkorthauer@gmail.com>","benchmarkfdrData2019/v1.0.0/Microbiome/enigma-so4-otus-uninf-benchmark.rds"
"goodrich-genus-benchmark","16S microbiome differential testing of Goodrich et al. (2014) dataset at genus-level with ubiquity as covariate","Microbiome",153,NA,"tar.gz","https://zenodo.org/record/840333/files/ob_goodrich_results.tar.gz","md5:7aa4ee253d1c4ac51cbadd6ef366dea7","human gut metagenome","408170",NA,"Colorado Center for Microbial Ecology, University of Colorado at Boulder; ENA studies PRJEB6702 and PRJEB6705","Wilcoxon rank-sum",NA,NA,"Ubiquity","SummarizedBenchmark","Rds","3.10","Keegan Korthauer <kdkorthauer@gmail.com>","benchmarkfdrData2019/v1.0.0/Microbiome/goodrich-genus-benchmark.rds"
"goodrich-genus-abun-benchmark","16S microbiome differential testing of Goodrich et al. (2014) dataset at genus-level with mean abundance as covariate","Microbiome",153,NA,"tar.gz","https://zenodo.org/record/840333/files/ob_goodrich_results.tar.gz","md5:7aa4ee253d1c4ac51cbadd6ef366dea7","human gut metagenome","408170",NA,"Colorado Center for Microbial Ecology, University of Colorado at Boulder; ENA studies PRJEB6702 and PRJEB6705","Wilcoxon rank-sum",NA,NA,"Mean abundance","SummarizedBenchmark","Rds","3.10","Keegan Korthauer <kdkorthauer@gmail.com>","benchmarkfdrData2019/v1.0.0/Microbiome/goodrich-genus-abun-benchmark.rds"
"goodrich-genus-uninf-benchmark","16S microbiome differential testing of Goodrich et al. (2014) dataset at genus-level with uninformative covariate","Microbiome",153,NA,"tar.gz","https://zenodo.org/record/840333/files/ob_goodrich_results.tar.gz","md5:7aa4ee253d1c4ac51cbadd6ef366dea7","human gut metagenome","408170",NA,"Colorado Center for Microbial Ecology, University of Colorado at Boulder; ENA studies PRJEB6702 and PRJEB6705","Wilcoxon rank-sum",NA,NA,"Uninformative","SummarizedBenchmark","Rds","3.10","Keegan Korthauer <kdkorthauer@gmail.com>","benchmarkfdrData2019/v1.0.0/Microbiome/goodrich-genus-uninf-benchmark.rds"
"goodrich-otus-benchmark","16S microbiome differential testing of Goodrich et al. (2014) dataset at OTU-level with ubiquity as covariate","Microbiome",42388,NA,"tar.gz","https://zenodo.org/record/840333/files/ob_goodrich_results.tar.gz","md5:7aa4ee253d1c4ac51cbadd6ef366dea7","human gut metagenome","408170",NA,"Colorado Center for Microbial Ecology, University of Colorado at Boulder; ENA studies PRJEB6702 and PRJEB6705","Wilcoxon rank-sum",NA,NA,"Ubiquity","SummarizedBenchmark","Rds","3.10","Keegan Korthauer <kdkorthauer@gmail.com>","benchmarkfdrData2019/v1.0.0/Microbiome/goodrich-otus-benchmark.rds"
"papa-genus-benchmark","16S microbiome differential testing of Papa et al. (2012) dataset at genus-level with ubiquity as covariate","Microbiome",75,NA,"tar.gz","https://zenodo.org/record/840333/files/ibd_alm_results.tar.gz","md5:e2d6037596ba692cb971e50a84f64290","human gut metagenome","408170",NA,"Eric J. Alm, Massachusetts Institute of Technology, Cambridge, Massachusetts, USA <ejalm@mit.edu>","Wilcoxon rank-sum",NA,NA,"Ubiquity","SummarizedBenchmark","Rds","3.10","Keegan Korthauer <kdkorthauer@gmail.com>","benchmarkfdrData2019/v1.0.0/Microbiome/papa-genus-benchmark.rds"
"papa-genus-abun-benchmark","16S microbiome differential testing of Papa et al. (2012) dataset at genus-level with mean abundance as covariate","Microbiome",75,NA,"tar.gz","https://zenodo.org/record/840333/files/ibd_alm_results.tar.gz","md5:e2d6037596ba692cb971e50a84f64290","human gut metagenome","408170",NA,"Eric J. Alm, Massachusetts Institute of Technology, Cambridge, Massachusetts, USA <ejalm@mit.edu>","Wilcoxon rank-sum",NA,NA,"Mean abundance","SummarizedBenchmark","Rds","3.10","Keegan Korthauer <kdkorthauer@gmail.com>","benchmarkfdrData2019/v1.0.0/Microbiome/papa-genus-abun-benchmark.rds"
"papa-genus-log-ubiquity-benchmark","16S microbiome differential testing of Papa et al. (2012) dataset at genus-level with log ubiquity as covariate","Microbiome",75,NA,"tar.gz","https://zenodo.org/record/840333/files/ibd_alm_results.tar.gz","md5:e2d6037596ba692cb971e50a84f64290","human gut metagenome","408170",NA,"Eric J. Alm, Massachusetts Institute of Technology, Cambridge, Massachusetts, USA <ejalm@mit.edu>","Wilcoxon rank-sum",NA,NA,"Log ubiquity","SummarizedBenchmark","Rds","3.10","Keegan Korthauer <kdkorthauer@gmail.com>","benchmarkfdrData2019/v1.0.0/Microbiome/papa-genus-log-ubiquity-benchmark.rds"
"papa-genus-uninf-benchmark","16S microbiome differential testing of Papa et al. (2012) dataset at genus-level with uninformative covariate","Microbiome",75,NA,"tar.gz","https://zenodo.org/record/840333/files/ibd_alm_results.tar.gz","md5:e2d6037596ba692cb971e50a84f64290","human gut metagenome","408170",NA,"Eric J. Alm, Massachusetts Institute of Technology, Cambridge, Massachusetts, USA <ejalm@mit.edu>","Wilcoxon rank-sum",NA,NA,"Uninformative","SummarizedBenchmark","Rds","3.10","Keegan Korthauer <kdkorthauer@gmail.com>","benchmarkfdrData2019/v1.0.0/Microbiome/papa-genus-uninf-benchmark.rds"
"papa-otus-benchmark","16S microbiome differential testing of Papa et al. (2012) dataset at OTU-level with ubiquity as covariate","Microbiome",2355,NA,"tar.gz","https://zenodo.org/record/840333/files/ibd_alm_results.tar.gz","md5:e2d6037596ba692cb971e50a84f64290","human gut metagenome","408170",NA,"Eric J. Alm, Massachusetts Institute of Technology, Cambridge, Massachusetts, USA <ejalm@mit.edu>","Wilcoxon rank-sum",NA,NA,"Ubiquity","SummarizedBenchmark","Rds","3.10","Keegan Korthauer <kdkorthauer@gmail.com>","benchmarkfdrData2019/v1.0.0/Microbiome/papa-otus-benchmark.rds"
"schubert-otus-benchmark","16S microbiome differential testing of Schubert et al. (2014) dataset at OTU-level with ubiquity as covariate","Microbiome",3118,NA,"tar.gz","https://zenodo.org/record/840333/files/cdi_schubert_results.tar.gz","md5:26a2589c448d8425766db6b86155694f","human gut metagenome","408170",NA,"Patrick Schloss, University of Michigan, Ann Arbor, MI, USA <mothur.org/CDI_MicrobiomeModeling>","Wilcoxon rank-sum",NA,NA,"Ubiquity","SummarizedBenchmark","Rds","3.10","Keegan Korthauer <kdkorthauer@gmail.com>","benchmarkfdrData2019/v1.0.0/Microbiome/schubert-otus-benchmark.rds"
"schubert-otus-abun-benchmark","16S microbiome differential testing of Schubert et al. (2014) dataset at OTU-level with mean abundance as covariate","Microbiome",3118,NA,"tar.gz","https://zenodo.org/record/840333/files/cdi_schubert_results.tar.gz","md5:26a2589c448d8425766db6b86155694f","human gut metagenome","408170",NA,"Patrick Schloss, University of Michigan, Ann Arbor, MI, USA <mothur.org/CDI_MicrobiomeModeling>","Wilcoxon rank-sum",NA,NA,"Mean abundance","SummarizedBenchmark","Rds","3.10","Keegan Korthauer <kdkorthauer@gmail.com>","benchmarkfdrData2019/v1.0.0/Microbiome/schubert-otus-abun-benchmark.rds"
"schubert-otus-uninf-benchmark","16S microbiome differential testing of Schubert et al. (2014) dataset at OTU-level with uninformative covariate","Microbiome",3118,NA,"tar.gz","https://zenodo.org/record/840333/files/cdi_schubert_results.tar.gz","md5:26a2589c448d8425766db6b86155694f","human gut metagenome","408170",NA,"Patrick Schloss, University of Michigan, Ann Arbor, MI, USA <mothur.org/CDI_MicrobiomeModeling>","Wilcoxon rank-sum",NA,NA,"Uninformative","SummarizedBenchmark","Rds","3.10","Keegan Korthauer <kdkorthauer@gmail.com>","benchmarkfdrData2019/v1.0.0/Microbiome/schubert-otus-uninf-benchmark.rds"
"brain-benchmark","Differential gene expression analysis between two brain regions (nucleus accumbens and putamen) using data from the GTEx project with mean counts as covariate","RNA-seq",30374,"GRCh38","RData","https://zenodo.org/record/1475409/files/rnaseq-brain-counts.rds","1","Homo sapiens","9606",NA,"Zenodo","DESeq2",NA,NA,"Mean counts","SummarizedBenchmark","Rds","3.10","Keegan Korthauer <kdkorthauer@gmail.com>","benchmarkfdrData2019/v1.0.0/RNA-seq/brain-benchmark.rds"
"brain-uninf-benchmark","Differential gene expression analysis between two brain regions (nucleus accumbens and putamen) using data from the GTEx project with uninformative covariate","RNA-seq",30374,"GRCh38","RData","https://zenodo.org/record/1475409/files/rnaseq-brain-counts.rds","1","Homo sapiens","9606",NA,"Zenodo","DESeq2",NA,NA,"Uninformative","SummarizedBenchmark","Rds","3.10","Keegan Korthauer <kdkorthauer@gmail.com>","benchmarkfdrData2019/v1.0.0/RNA-seq/brain-uninf-benchmark.rds"
"mir200c-benchmark","Differential gene expression analysis between mir200c knockdown cells and untreated cells with mean counts as covariate","RNA-seq",28345,"GRCh38","RData","http://duffel.rail.bio/recount/v2/SRP030475/rse_gene.Rdata","2","Homo sapiens","9606",NA,"","DESeq2",NA,NA,"Mean counts","SummarizedBenchmark","Rds","3.10","Keegan Korthauer <kdkorthauer@gmail.com>","benchmarkfdrData2019/v1.0.0/RNA-seq/mir200c-benchmark.rds"
"mir200c-uninf-benchmark","Differential gene expression analysis between mir200c knockdown cells and untreated cells with uninformative covariate","RNA-seq",28345,"GRCh38","RData","http://duffel.rail.bio/recount/v2/SRP030475/rse_gene.Rdata","2","Homo sapiens","9606",NA,"","DESeq2",NA,NA,"Uninformative","SummarizedBenchmark","Rds","3.10","Keegan Korthauer <kdkorthauer@gmail.com>","benchmarkfdrData2019/v1.0.0/RNA-seq/mir200c-uninf-benchmark.rds"
"polyester-results-de5","Polyester RNA-seq simulation study: Unimodal alternative, 2000 DE genes, strong informative covariate, 5 vs. 5 comparison","PolyesterInSilico",6553,"Ensembl release 68","tar.gz","https://github.com/bartongroup/profDGE48","375dc0d57d9d1fa96a4245a6530e0fda34305891","Saccharomyces cerevisiae","4932",NA,"Geoffrey J. Barton lab, University of Dundee, Dundee, UK","DESeq2","Unimodal","0.695","Strong","SummarizedBenchmark","Rds","3.10","Keegan Korthauer <kdkorthauer@gmail.com>","benchmarkfdrData2019/v1.0.0/PolyesterInSilico/polyester-results-de5.rds"
"polyester-results-de5-uninfCov","Polyester RNA-seq simulation study: Unimodal alternative, 2000 DE genes, uninformative covariate, 5 vs. 5 comparison","PolyesterInSilico",6553,"Ensembl release 68","tar.gz","https://github.com/bartongroup/profDGE48","375dc0d57d9d1fa96a4245a6530e0fda34305891","Saccharomyces cerevisiae","4932",NA,"Geoffrey J. Barton lab, University of Dundee, Dundee, UK","DESeq2","Unimodal","0.695","Uninformative","SummarizedBenchmark","Rds","3.10","Keegan Korthauer <kdkorthauer@gmail.com>","benchmarkfdrData2019/v1.0.0/PolyesterInSilico/polyester-results-de5-uninfCov.rds"
"polyester-results-de10","Polyester RNA-seq simulation study: Unimodal alternative, 2000 DE genes, strong informative covariate, 10 vs. 10 comparison","PolyesterInSilico",6553,"Ensembl release 68","tar.gz","https://github.com/bartongroup/profDGE48","375dc0d57d9d1fa96a4245a6530e0fda34305891","Saccharomyces cerevisiae","4932",NA,"Geoffrey J. Barton lab, University of Dundee, Dundee, UK","DESeq2","Unimodal","0.695","Strong","SummarizedBenchmark","Rds","3.10","Keegan Korthauer <kdkorthauer@gmail.com>","benchmarkfdrData2019/v1.0.0/PolyesterInSilico/polyester-results-de10.rds"
"polyester-results-de10-uninfCov","Polyester RNA-seq simulation study: Unimodal alternative, 2000 DE genes, uninformative covariate, 10 vs. 10 comparison","PolyesterInSilico",6553,"Ensembl release 68","tar.gz","https://github.com/bartongroup/profDGE48","375dc0d57d9d1fa96a4245a6530e0fda34305891","Saccharomyces cerevisiae","4932",NA,"Geoffrey J. Barton lab, University of Dundee, Dundee, UK","DESeq2","Unimodal","0.695","Uninformative","SummarizedBenchmark","Rds","3.10","Keegan Korthauer <kdkorthauer@gmail.com>","benchmarkfdrData2019/v1.0.0/PolyesterInSilico/polyester-results-de10-uninfCov.rds"
"polyester-results-null5","Polyester RNA-seq simulation study: Null, 5 vs. 5 comparison","PolyesterInSilico",6553,"Ensembl release 68","tar.gz","https://github.com/bartongroup/profDGE48","375dc0d57d9d1fa96a4245a6530e0fda34305891","Saccharomyces cerevisiae","4932",NA,"Geoffrey J. Barton lab, University of Dundee, Dundee, UK","DESeq2","Unimodal","1","none","SummarizedBenchmark","Rds","3.10","Keegan Korthauer <kdkorthauer@gmail.com>","benchmarkfdrData2019/v1.0.0/PolyesterInSilico/polyester-results-null5.rds"
"polyester-results-null10","Polyester RNA-seq simulation study: Null, 10 vs. 10 comparison","PolyesterInSilico",6553,"Ensembl release 68","tar.gz","https://github.com/bartongroup/profDGE48","375dc0d57d9d1fa96a4245a6530e0fda34305891","Saccharomyces cerevisiae","4932",NA,"Geoffrey J. Barton lab, University of Dundee, Dundee, UK","DESeq2","Unimodal","1","none","SummarizedBenchmark","Rds","3.10","Keegan Korthauer <kdkorthauer@gmail.com>","benchmarkfdrData2019/v1.0.0/PolyesterInSilico/polyester-results-null10.rds"
"polyesterW-results-de5","Polyester RNA-seq simulation study: Unimodal alternative, 2000 DE genes, weak informative covariate, 5 vs. 5 comparison","PolyesterInSilico",6553,"Ensembl release 68","tar.gz","https://github.com/bartongroup/profDGE48","375dc0d57d9d1fa96a4245a6530e0fda34305891","Saccharomyces cerevisiae","4932",NA,"Geoffrey J. Barton lab, University of Dundee, Dundee, UK","DESeq2","Unimodal","0.695","Weak","SummarizedBenchmark","Rds","3.10","Keegan Korthauer <kdkorthauer@gmail.com>","benchmarkfdrData2019/v1.0.0/PolyesterInSilico/polyesterW-results-de5.rds"
"polyesterW-results-de10","Polyester RNA-seq simulation study: Unimodal alternative, 2000 DE genes, weak informative covariate, 10 vs. 10 comparison","PolyesterInSilico",6553,"Ensembl release 68","tar.gz","https://github.com/bartongroup/profDGE48","375dc0d57d9d1fa96a4245a6530e0fda34305891","Saccharomyces cerevisiae","4932",NA,"Geoffrey J. Barton lab, University of Dundee, Dundee, UK","DESeq2","Unimodal","0.695","Weak","SummarizedBenchmark","Rds","3.10","Keegan Korthauer <kdkorthauer@gmail.com>","benchmarkfdrData2019/v1.0.0/PolyesterInSilico/polyesterW-results-de10.rds"
"yeast-results-de5","Yeast RNA-seq 48 sample simulation study: Unimodal alternative, 2000 DE genes, strong informative covariate, 5 vs. 5 comparison","YeastInSilico",6553,"Ensembl release 68","tar.gz","https://github.com/bartongroup/profDGE48","375dc0d57d9d1fa96a4245a6530e0fda34305891","Saccharomyces cerevisiae","4932",NA,"Geoffrey J. Barton lab, University of Dundee, Dundee, UK","DESeq2","Unimodal","0.695","Strong","SummarizedBenchmark","Rds","3.10","Keegan Korthauer <kdkorthauer@gmail.com>","benchmarkfdrData2019/v1.0.0/YeastInSilico/yeast-results-de5.rds"
"yeast-results-de5-uninfCov","Yeast RNA-seq 48 sample simulation study: Unimodal alternative, 2000 DE genes, uninformative covariate, 5 vs. 5 comparison","YeastInSilico",6553,"Ensembl release 68","tar.gz","https://github.com/bartongroup/profDGE48","375dc0d57d9d1fa96a4245a6530e0fda34305891","Saccharomyces cerevisiae","4932",NA,"Geoffrey J. Barton lab, University of Dundee, Dundee, UK","DESeq2","Unimodal","0.695","Uninformative","SummarizedBenchmark","Rds","3.10","Keegan Korthauer <kdkorthauer@gmail.com>","benchmarkfdrData2019/v1.0.0/YeastInSilico/yeast-results-de5-uninfCov.rds"
"yeast-results-de10","Yeast RNA-seq 48 sample simulation study: Unimodal alternative, 2000 DE genes, strong informative covariate, 10 vs. 10 comparison","YeastInSilico",6553,"Ensembl release 68","tar.gz","https://github.com/bartongroup/profDGE48","375dc0d57d9d1fa96a4245a6530e0fda34305891","Saccharomyces cerevisiae","4932",NA,"Geoffrey J. Barton lab, University of Dundee, Dundee, UK","DESeq2","Unimodal","0.695","Strong","SummarizedBenchmark","Rds","3.10","Keegan Korthauer <kdkorthauer@gmail.com>","benchmarkfdrData2019/v1.0.0/YeastInSilico/yeast-results-de10.rds"
"yeast-results-de10-uninfCov","Yeast RNA-seq 48 sample simulation study: Unimodal alternative, 2000 DE genes, uninformative covariate, 10 vs. 10 comparison","YeastInSilico",6553,"Ensembl release 68","tar.gz","https://github.com/bartongroup/profDGE48","375dc0d57d9d1fa96a4245a6530e0fda34305891","Saccharomyces cerevisiae","4932",NA,"Geoffrey J. Barton lab, University of Dundee, Dundee, UK","DESeq2","Unimodal","0.695","Uninformative","SummarizedBenchmark","Rds","3.10","Keegan Korthauer <kdkorthauer@gmail.com>","benchmarkfdrData2019/v1.0.0/YeastInSilico/yeast-results-de10-uninfCov.rds"
"yeast-results-null5","Yeast RNA-seq 48 sample simulation study: Null, 5 vs. 5 comparison","YeastInSilico",6553,"Ensembl release 68","tar.gz","https://github.com/bartongroup/profDGE48","375dc0d57d9d1fa96a4245a6530e0fda34305891","Saccharomyces cerevisiae","4932",NA,"Geoffrey J. Barton lab, University of Dundee, Dundee, UK","DESeq2","Unimodal","1","none","SummarizedBenchmark","Rds","3.10","Keegan Korthauer <kdkorthauer@gmail.com>","benchmarkfdrData2019/v1.0.0/YeastInSilico/yeast-results-null5.rds"
"yeast-results-null10","Yeast RNA-seq 48 sample simulation study: Null, 10 vs. 10 comparison","YeastInSilico",6553,"Ensembl release 68","tar.gz","https://github.com/bartongroup/profDGE48","375dc0d57d9d1fa96a4245a6530e0fda34305891","Saccharomyces cerevisiae","4932",NA,"Geoffrey J. Barton lab, University of Dundee, Dundee, UK","DESeq2","Unimodal","1","none","SummarizedBenchmark","Rds","3.10","Keegan Korthauer <kdkorthauer@gmail.com>","benchmarkfdrData2019/v1.0.0/YeastInSilico/yeast-results-null10.rds"
"yeastH-results-de5","Yeast RNA-seq 48 sample simulation study: Unimodal alternative, 500 DE genes, strong informative covariate, 5 vs. 5 comparison","YeastInSilico",6553,"Ensembl release 68","tar.gz","https://github.com/bartongroup/profDGE48","375dc0d57d9d1fa96a4245a6530e0fda34305891","Saccharomyces cerevisiae","4932",NA,"Geoffrey J. Barton lab, University of Dundee, Dundee, UK","DESeq2","Unimodal","0.924","Strong","SummarizedBenchmark","Rds","3.10","Keegan Korthauer <kdkorthauer@gmail.com>","benchmarkfdrData2019/v1.0.0/YeastInSilico/yeastH-results-de5.rds"
"yeastH-results-de5-uninfCov","Yeast RNA-seq 48 sample simulation study: Unimodal alternative, 500 DE genes, uninformative covariate, 5 vs. 5 comparison","YeastInSilico",6553,"Ensembl release 68","tar.gz","https://github.com/bartongroup/profDGE48","375dc0d57d9d1fa96a4245a6530e0fda34305891","Saccharomyces cerevisiae","4932",NA,"Geoffrey J. Barton lab, University of Dundee, Dundee, UK","DESeq2","Unimodal","0.924","Uninformative","SummarizedBenchmark","Rds","3.10","Keegan Korthauer <kdkorthauer@gmail.com>","benchmarkfdrData2019/v1.0.0/YeastInSilico/yeastH-results-de5-uninfCov.rds"
"yeastH-results-de10","Yeast RNA-seq 48 sample simulation study: Unimodal alternative, 500 DE genes, strong informative covariate, 10 vs. 10 comparison","YeastInSilico",6553,"Ensembl release 68","tar.gz","https://github.com/bartongroup/profDGE48","375dc0d57d9d1fa96a4245a6530e0fda34305891","Saccharomyces cerevisiae","4932",NA,"Geoffrey J. Barton lab, University of Dundee, Dundee, UK","DESeq2","Unimodal","0.924","Strong","SummarizedBenchmark","Rds","3.10","Keegan Korthauer <kdkorthauer@gmail.com>","benchmarkfdrData2019/v1.0.0/YeastInSilico/yeastH-results-de10.rds"
"yeastH-results-de10-uninfCov","Yeast RNA-seq 48 sample simulation study: Unimodal alternative, 500 DE genes, uninformative covariate, 10 vs. 10 comparison","YeastInSilico",6553,"Ensembl release 68","tar.gz","https://github.com/bartongroup/profDGE48","375dc0d57d9d1fa96a4245a6530e0fda34305891","Saccharomyces cerevisiae","4932",NA,"Geoffrey J. Barton lab, University of Dundee, Dundee, UK","DESeq2","Unimodal","0.924","Uninformative","SummarizedBenchmark","Rds","3.10","Keegan Korthauer <kdkorthauer@gmail.com>","benchmarkfdrData2019/v1.0.0/YeastInSilico/yeastH-results-de10-uninfCov.rds"
"yeastHW-results-de5","Yeast RNA-seq 48 sample simulation study: Unimodal alternative, 500 DE genes, weak informative covariate, 5 vs. 5 comparison","YeastInSilico",6553,"Ensembl release 68","tar.gz","https://github.com/bartongroup/profDGE48","375dc0d57d9d1fa96a4245a6530e0fda34305891","Saccharomyces cerevisiae","4932",NA,"Geoffrey J. Barton lab, University of Dundee, Dundee, UK","DESeq2","Unimodal","0.924","Weak","SummarizedBenchmark","Rds","3.10","Keegan Korthauer <kdkorthauer@gmail.com>","benchmarkfdrData2019/v1.0.0/YeastInSilico/yeastHW-results-de5.rds"
"yeastHW-results-de10","Yeast RNA-seq 48 sample simulation study: Unimodal alternative, 500 DE genes, weak informative covariate, 10 vs. 10 comparison","YeastInSilico",6553,"Ensembl release 68","tar.gz","https://github.com/bartongroup/profDGE48","375dc0d57d9d1fa96a4245a6530e0fda34305891","Saccharomyces cerevisiae","4932",NA,"Geoffrey J. Barton lab, University of Dundee, Dundee, UK","DESeq2","Unimodal","0.924","Weak","SummarizedBenchmark","Rds","3.10","Keegan Korthauer <kdkorthauer@gmail.com>","benchmarkfdrData2019/v1.0.0/YeastInSilico/yeastHW-results-de10.rds"
"yeastII-results-de5","Yeast RNA-seq 48 sample simulation study: Bimodal alternative, 2000 DE genes, strong informative covariate, 5 vs. 5 comparison","YeastInSilico",6553,"Ensembl release 68","tar.gz","https://github.com/bartongroup/profDGE48","375dc0d57d9d1fa96a4245a6530e0fda34305891","Saccharomyces cerevisiae","4932",NA,"Geoffrey J. Barton lab, University of Dundee, Dundee, UK","DESeq2","Bimodal","0.695","Strong","SummarizedBenchmark","Rds","3.10","Keegan Korthauer <kdkorthauer@gmail.com>","benchmarkfdrData2019/v1.0.0/YeastInSilico/yeastII-results-de5.rds"
"yeastII-results-de5-uninfCov","Yeast RNA-seq 48 sample simulation study: Bimodal alternative, 2000 DE genes, uninformative covariate, 5 vs. 5 comparison","YeastInSilico",6553,"Ensembl release 68","tar.gz","https://github.com/bartongroup/profDGE48","375dc0d57d9d1fa96a4245a6530e0fda34305891","Saccharomyces cerevisiae","4932",NA,"Geoffrey J. Barton lab, University of Dundee, Dundee, UK","DESeq2","Bimodal","0.695","Uninformative","SummarizedBenchmark","Rds","3.10","Keegan Korthauer <kdkorthauer@gmail.com>","benchmarkfdrData2019/v1.0.0/YeastInSilico/yeastII-results-de5-uninfCov.rds"
"yeastII-results-de10","Yeast RNA-seq 48 sample simulation study: Bimodal alternative, 2000 DE genes, strong informative covariate, 10 vs. 10 comparison","YeastInSilico",6553,"Ensembl release 68","tar.gz","https://github.com/bartongroup/profDGE48","375dc0d57d9d1fa96a4245a6530e0fda34305891","Saccharomyces cerevisiae","4932",NA,"Geoffrey J. Barton lab, University of Dundee, Dundee, UK","DESeq2","Bimodal","0.695","Strong","SummarizedBenchmark","Rds","3.10","Keegan Korthauer <kdkorthauer@gmail.com>","benchmarkfdrData2019/v1.0.0/YeastInSilico/yeastII-results-de10.rds"
"yeastII-results-de10-uninfCov","Yeast RNA-seq 48 sample simulation study: Bimodal alternative, 2000 DE genes, uninformative covariate, 10 vs. 10 comparison","YeastInSilico",6553,"Ensembl release 68","tar.gz","https://github.com/bartongroup/profDGE48","375dc0d57d9d1fa96a4245a6530e0fda34305891","Saccharomyces cerevisiae","4932",NA,"Geoffrey J. Barton lab, University of Dundee, Dundee, UK","DESeq2","Bimodal","0.695","Uninformative","SummarizedBenchmark","Rds","3.10","Keegan Korthauer <kdkorthauer@gmail.com>","benchmarkfdrData2019/v1.0.0/YeastInSilico/yeastII-results-de10-uninfCov.rds"
"yeastIIH-results-de5","Yeast RNA-seq 48 sample simulation study: bimodal alternative, 500 DE genes, strong informative covariate, 5 vs. 5 comparison","YeastInSilico",6553,"Ensembl release 68","tar.gz","https://github.com/bartongroup/profDGE48","375dc0d57d9d1fa96a4245a6530e0fda34305891","Saccharomyces cerevisiae","4932",NA,"Geoffrey J. Barton lab, University of Dundee, Dundee, UK","DESeq2","Bimodal","0.924","Strong","SummarizedBenchmark","Rds","3.10","Keegan Korthauer <kdkorthauer@gmail.com>","benchmarkfdrData2019/v1.0.0/YeastInSilico/yeastIIH-results-de5.rds"
"yeastIIH-results-de5-uninfCov","Yeast RNA-seq 48 sample simulation study: bimodal alternative, 500 DE genes, uninformative covariate, 5 vs. 5 comparison","YeastInSilico",6553,"Ensembl release 68","tar.gz","https://github.com/bartongroup/profDGE48","375dc0d57d9d1fa96a4245a6530e0fda34305891","Saccharomyces cerevisiae","4932",NA,"Geoffrey J. Barton lab, University of Dundee, Dundee, UK","DESeq2","Bimodal","0.924","Uninformative","SummarizedBenchmark","Rds","3.10","Keegan Korthauer <kdkorthauer@gmail.com>","benchmarkfdrData2019/v1.0.0/YeastInSilico/yeastIIH-results-de5-uninfCov.rds"
"yeastIIH-results-de10","Yeast RNA-seq 48 sample simulation study: bimodal alternative, 500 DE genes, strong informative covariate, 10 vs. 10 comparison","YeastInSilico",6553,"Ensembl release 68","tar.gz","https://github.com/bartongroup/profDGE48","375dc0d57d9d1fa96a4245a6530e0fda34305891","Saccharomyces cerevisiae","4932",NA,"Geoffrey J. Barton lab, University of Dundee, Dundee, UK","DESeq2","Bimodal","0.924","Strong","SummarizedBenchmark","Rds","3.10","Keegan Korthauer <kdkorthauer@gmail.com>","benchmarkfdrData2019/v1.0.0/YeastInSilico/yeastIIH-results-de10.rds"
"yeastIIH-results-de10-uninfCov","Yeast RNA-seq 48 sample simulation study: bimodal alternative, 500 DE genes, uninformative covariate, 10 vs. 10 comparison","YeastInSilico",6553,"Ensembl release 68","tar.gz","https://github.com/bartongroup/profDGE48","375dc0d57d9d1fa96a4245a6530e0fda34305891","Saccharomyces cerevisiae","4932",NA,"Geoffrey J. Barton lab, University of Dundee, Dundee, UK","DESeq2","Bimodal","0.924","Uninformative","SummarizedBenchmark","Rds","3.10","Keegan Korthauer <kdkorthauer@gmail.com>","benchmarkfdrData2019/v1.0.0/YeastInSilico/yeastIIH-results-de10-uninfCov.rds"
"yeastIIHW-results-de5","Yeast RNA-seq 48 sample simulation study: bimodal alternative, 500 DE genes, weak informative covariate, 5 vs. 5 comparison","YeastInSilico",6553,"Ensembl release 68","tar.gz","https://github.com/bartongroup/profDGE48","375dc0d57d9d1fa96a4245a6530e0fda34305891","Saccharomyces cerevisiae","4932",NA,"Geoffrey J. Barton lab, University of Dundee, Dundee, UK","DESeq2","Bimodal","0.924","Weak","SummarizedBenchmark","Rds","3.10","Keegan Korthauer <kdkorthauer@gmail.com>","benchmarkfdrData2019/v1.0.0/YeastInSilico/yeastIIHW-results-de5.rds"
"yeastIIHW-results-de10","Yeast RNA-seq 48 sample simulation study: bimodal alternative, 500 DE genes, weak informative covariate, 10 vs. 10 comparison","YeastInSilico",6553,"Ensembl release 68","tar.gz","https://github.com/bartongroup/profDGE48","375dc0d57d9d1fa96a4245a6530e0fda34305891","Saccharomyces cerevisiae","4932",NA,"Geoffrey J. Barton lab, University of Dundee, Dundee, UK","DESeq2","Bimodal","0.924","Weak","SummarizedBenchmark","Rds","3.10","Keegan Korthauer <kdkorthauer@gmail.com>","benchmarkfdrData2019/v1.0.0/YeastInSilico/yeastIIHW-results-de10.rds"
"yeastIIW-results-de5","Yeast RNA-seq 48 sample simulation study: bimodal alternative, 2000 DE genes, weak informative covariate, 5 vs. 5 comparison","YeastInSilico",6553,"Ensembl release 68","tar.gz","https://github.com/bartongroup/profDGE48","375dc0d57d9d1fa96a4245a6530e0fda34305891","Saccharomyces cerevisiae","4932",NA,"Geoffrey J. Barton lab, University of Dundee, Dundee, UK","DESeq2","Bimodal","0.695","Weak","SummarizedBenchmark","Rds","3.10","Keegan Korthauer <kdkorthauer@gmail.com>","benchmarkfdrData2019/v1.0.0/YeastInSilico/yeastIIW-results-de5.rds"
"yeastIIW-results-de10","Yeast RNA-seq 48 sample simulation study: bimodal alternative, 2000 DE genes, weak informative covariate, 10 vs. 10 comparison","YeastInSilico",6553,"Ensembl release 68","tar.gz","https://github.com/bartongroup/profDGE48","375dc0d57d9d1fa96a4245a6530e0fda34305891","Saccharomyces cerevisiae","4932",NA,"Geoffrey J. Barton lab, University of Dundee, Dundee, UK","DESeq2","Bimodal","0.695","Weak","SummarizedBenchmark","Rds","3.10","Keegan Korthauer <kdkorthauer@gmail.com>","benchmarkfdrData2019/v1.0.0/YeastInSilico/yeastIIW-results-de10.rds"
"yeastW-results-de5","Yeast RNA-seq 48 sample simulation study: Unimodal alternative, 2000 DE genes, weak informative covariate, 5 vs. 5 comparison","YeastInSilico",6553,"Ensembl release 68","tar.gz","https://github.com/bartongroup/profDGE48","375dc0d57d9d1fa96a4245a6530e0fda34305891","Saccharomyces cerevisiae","4932",NA,"Geoffrey J. Barton lab, University of Dundee, Dundee, UK","DESeq2","Unimodal","0.695","Weak","SummarizedBenchmark","Rds","3.10","Keegan Korthauer <kdkorthauer@gmail.com>","benchmarkfdrData2019/v1.0.0/YeastInSilico/yeastW-results-de5.rds"
"yeastW-results-de10","Yeast RNA-seq 48 sample simulation study: Unimodal alternative, 2000 DE genes, weak informative covariate, 10 vs. 10 comparison","YeastInSilico",6553,"Ensembl release 68","tar.gz","https://github.com/bartongroup/profDGE48","375dc0d57d9d1fa96a4245a6530e0fda34305891","Saccharomyces cerevisiae","4932",NA,"Geoffrey J. Barton lab, University of Dundee, Dundee, UK","DESeq2","Unimodal","0.695","Weak","SummarizedBenchmark","Rds","3.10","Keegan Korthauer <kdkorthauer@gmail.com>","benchmarkfdrData2019/v1.0.0/YeastInSilico/yeastW-results-de10.rds"
"human-benchmark-mast-det","Case study: differential expression using the method MAST on single-cell RNAseq data of diffuse neoplastic infiltrating cells at the migrating front of human glioblastoma.","scRNA-seq",23257,"GRCh38","RData","http://imlspenticton.uzh.ch/robinson_lab/conquer/data-mae/GSE84465.rds","1","Homo sapiens","9606",NA,"Conquer database","Chi-squared",NA,NA,"Detection rate","SummarizedBenchmark","Rds","3.10","Keegan Korthauer <kdkorthauer@gmail.com>","benchmarkfdrData2019/v1.0.0/scRNA-seq/human-benchmark-mast-det.rds"
"human-benchmark-mast-mean","Case study: differential expression using the method MAST on single-cell RNAseq data of diffuse neoplastic infiltrating cells at the migrating front of human glioblastoma.","scRNA-seq",23257,"GRCh38","RData","http://imlspenticton.uzh.ch/robinson_lab/conquer/data-mae/GSE84465.rds","1","Homo sapiens","9606",NA,"Conquer database","Chi-squared",NA,NA,"Mean of counts","SummarizedBenchmark","Rds","3.10","Keegan Korthauer <kdkorthauer@gmail.com>","benchmarkfdrData2019/v1.0.0/scRNA-seq/human-benchmark-mast-mean.rds"
"human-benchmark-mast-uninf","Case study: differential expression using the method MAST on single-cell RNAseq data of diffuse neoplastic infiltrating cells at the migrating front of human glioblastoma.","scRNA-seq",23257,"GRCh38","RData","http://imlspenticton.uzh.ch/robinson_lab/conquer/data-mae/GSE84465.rds","1","Homo sapiens","9606",NA,"Conquer database","Chi-squared",NA,NA,"Uninformative covariate","SummarizedBenchmark","Rds","3.10","Keegan Korthauer <kdkorthauer@gmail.com>","benchmarkfdrData2019/v1.0.0/scRNA-seq/human-benchmark-mast-uninf.rds"
"human-benchmark-scdd-det","Case study: differential expression using the method scDD on single-cell RNAseq data of diffuse neoplastic infiltrating cells at the migrating front of human glioblastoma.","scRNA-seq",23257,"GRCh38","RData","http://imlspenticton.uzh.ch/robinson_lab/conquer/data-mae/GSE84465.rds","1","Homo sapiens","9606",NA,"Conquer database","Permutation Test",NA,NA,"Detection rate","SummarizedBenchmark","Rds","3.10","Keegan Korthauer <kdkorthauer@gmail.com>","benchmarkfdrData2019/v1.0.0/scRNA-seq/human-benchmark-scdd-det.rds"
"human-benchmark-scdd-mean","Case study: differential expression using the method scDD on single-cell RNAseq data of diffuse neoplastic infiltrating cells at the migrating front of human glioblastoma.","scRNA-seq",23257,"GRCh38","RData","http://imlspenticton.uzh.ch/robinson_lab/conquer/data-mae/GSE84465.rds","1","Homo sapiens","9606",NA,"Conquer database","Permutation Test",NA,NA,"Mean of counts","SummarizedBenchmark","Rds","3.10","Keegan Korthauer <kdkorthauer@gmail.com>","benchmarkfdrData2019/v1.0.0/scRNA-seq/human-benchmark-scdd-mean.rds"
"human-benchmark-scdd-uninf","Case study: differential expression using the method scDD on single-cell RNAseq data of diffuse neoplastic infiltrating cells at the migrating front of human glioblastoma.","scRNA-seq",23257,"GRCh38","RData","http://imlspenticton.uzh.ch/robinson_lab/conquer/data-mae/GSE84465.rds","1","Homo sapiens","9606",NA,"Conquer database","Permutation Test",NA,NA,"Uninformative covariate","SummarizedBenchmark","Rds","3.10","Keegan Korthauer <kdkorthauer@gmail.com>","benchmarkfdrData2019/v1.0.0/scRNA-seq/human-benchmark-scdd-uninf.rds"
"human-benchmark-wilcox-det","Case study: differential expression using a Wilcox test on single-cell RNAseq data of diffuse neoplastic infiltrating cells at the migrating front of human glioblastoma.","scRNA-seq",23257,"GRCh38","RData","http://imlspenticton.uzh.ch/robinson_lab/conquer/data-mae/GSE84465.rds","1","Homo sapiens","9606",NA,"Conquer database","Wilcoxon rank-sum",NA,NA,"Detection rate","SummarizedBenchmark","Rds","3.10","Keegan Korthauer <kdkorthauer@gmail.com>","benchmarkfdrData2019/v1.0.0/scRNA-seq/human-benchmark-wilcox-det.rds"
"human-benchmark-wilcox-mean","Case study: differential expression using a Wilcox test on single-cell RNAseq data of diffuse neoplastic infiltrating cells at the migrating front of human glioblastoma.","scRNA-seq",23257,"GRCh38","RData","http://imlspenticton.uzh.ch/robinson_lab/conquer/data-mae/GSE84465.rds","1","Homo sapiens","9606",NA,"Conquer database","Wilcoxon rank-sum",NA,NA,"Mean of counts","SummarizedBenchmark","Rds","3.10","Keegan Korthauer <kdkorthauer@gmail.com>","benchmarkfdrData2019/v1.0.0/scRNA-seq/human-benchmark-wilcox-mean.rds"
"human-benchmark-wilcox-uninf","Case study: differential expression using a Wilcox test on single-cell RNAseq data of diffuse neoplastic infiltrating cells at the migrating front of human glioblastoma.","scRNA-seq",23257,"GRCh38","RData","http://imlspenticton.uzh.ch/robinson_lab/conquer/data-mae/GSE84465.rds","1","Homo sapiens","9606",NA,"Conquer database","Wilcoxon rank-sum",NA,NA,"Uninformative covariate","SummarizedBenchmark","Rds","3.10","Keegan Korthauer <kdkorthauer@gmail.com>","benchmarkfdrData2019/v1.0.0/scRNA-seq/human-benchmark-wilcox-uninf.rds"
"mouse-benchmark-mast-det","Case study: differential expression using the method MAST on single mouse cells upon NF-kappa-beta activation.","scRNA-seq",13777,"GRCm38","RData","http://imlspenticton.uzh.ch/robinson_lab/conquer/data-mae/GSE94383.rds","1","Mus musculus","10090",NA,"Conquer database","Chi-squared",NA,NA,"Detection rate","SummarizedBenchmark","Rds","3.10","Keegan Korthauer <kdkorthauer@gmail.com>","benchmarkfdrData2019/v1.0.0/scRNA-seq/mouse-benchmark-mast-det.rds"
"mouse-benchmark-mast-mean","Case study: differential expression using the method MAST on single mouse cells upon NF-kappa-beta activation.","scRNA-seq",13777,"GRCm38","RData","http://imlspenticton.uzh.ch/robinson_lab/conquer/data-mae/GSE94383.rds","1","Mus musculus","10090",NA,"Conquer database","Chi-squared",NA,NA,"Mean of counts","SummarizedBenchmark","Rds","3.10","Keegan Korthauer <kdkorthauer@gmail.com>","benchmarkfdrData2019/v1.0.0/scRNA-seq/mouse-benchmark-mast-mean.rds"
"mouse-benchmark-mast-uninf","Case study: differential expression using the method MAST on single mouse cells upon NF-kappa-beta activation.","scRNA-seq",13777,"GRCm38","RData","http://imlspenticton.uzh.ch/robinson_lab/conquer/data-mae/GSE94383.rds","1","Mus musculus","10090",NA,"Conquer database","Chi-squared",NA,NA,"Uninformative covariate","SummarizedBenchmark","Rds","3.10","Keegan Korthauer <kdkorthauer@gmail.com>","benchmarkfdrData2019/v1.0.0/scRNA-seq/mouse-benchmark-mast-uninf.rds"
"mouse-benchmark-scdd-det","Case study: differential expression using the method scDD on single mouse cells upon NF-kappa-beta activation.","scRNA-seq",13777,"GRCm38","RData","http://imlspenticton.uzh.ch/robinson_lab/conquer/data-mae/GSE94383.rds","1","Mus musculus","10090",NA,"Conquer database","Permutation Test",NA,NA,"Detection rate","SummarizedBenchmark","Rds","3.10","Keegan Korthauer <kdkorthauer@gmail.com>","benchmarkfdrData2019/v1.0.0/scRNA-seq/mouse-benchmark-scdd-det.rds"
"mouse-benchmark-scdd-mean","Case study: differential expression using the method scDD on single mouse cells upon NF-kappa-beta activation.","scRNA-seq",13777,"GRCm38","RData","http://imlspenticton.uzh.ch/robinson_lab/conquer/data-mae/GSE94383.rds","1","Mus musculus","10090",NA,"Conquer database","Permutation Test",NA,NA,"Mean of counts","SummarizedBenchmark","Rds","3.10","Keegan Korthauer <kdkorthauer@gmail.com>","benchmarkfdrData2019/v1.0.0/scRNA-seq/mouse-benchmark-scdd-mean.rds"
"mouse-benchmark-scdd-uninf","Case study: differential expression using the method scDD on single mouse cells upon NF-kappa-beta activation.","scRNA-seq",13777,"GRCm38","RData","http://imlspenticton.uzh.ch/robinson_lab/conquer/data-mae/GSE94383.rds","1","Mus musculus","10090",NA,"Conquer database","Permutation Test",NA,NA,"Uninformative covariate","SummarizedBenchmark","Rds","3.10","Keegan Korthauer <kdkorthauer@gmail.com>","benchmarkfdrData2019/v1.0.0/scRNA-seq/mouse-benchmark-scdd-uninf.rds"
"mouse-benchmark-wilcox-det","Case study: differential expression using a Wilcox test on single mouse cells upon NF-kappa-beta activation.","scRNA-seq",13777,"GRCm38","RData","http://imlspenticton.uzh.ch/robinson_lab/conquer/data-mae/GSE94383.rds","1","Mus musculus","10090",NA,"Conquer database","Wilcoxon rank-sum",NA,NA,"Detection rate","SummarizedBenchmark","Rds","3.10","Keegan Korthauer <kdkorthauer@gmail.com>","benchmarkfdrData2019/v1.0.0/scRNA-seq/mouse-benchmark-wilcox-det.rds"
"mouse-benchmark-wilcox-mean","Case study: differential expression using a Wilcox test on single mouse cells upon NF-kappa-beta activation.","scRNA-seq",13777,"GRCm38","RData","http://imlspenticton.uzh.ch/robinson_lab/conquer/data-mae/GSE94383.rds","1","Mus musculus","10090",NA,"Conquer database","Wilcoxon rank-sum",NA,NA,"Mean of counts","SummarizedBenchmark","Rds","3.10","Keegan Korthauer <kdkorthauer@gmail.com>","benchmarkfdrData2019/v1.0.0/scRNA-seq/mouse-benchmark-wilcox-mean.rds"
"mouse-benchmark-wilcox-uninf","Case study: differential expression using a Wilcox test on single mouse cells upon NF-kappa-beta activation.","scRNA-seq",13777,"GRCm38","RData","http://imlspenticton.uzh.ch/robinson_lab/conquer/data-mae/GSE94383.rds","1","Mus musculus","10090",NA,"Conquer database","Wilcoxon rank-sum",NA,NA,"Uninformative covariate","SummarizedBenchmark","Rds","3.10","Keegan Korthauer <kdkorthauer@gmail.com>","benchmarkfdrData2019/v1.0.0/scRNA-seq/mouse-benchmark-wilcox-uninf.rds"
